{
  "Ridge Baseline": {
    "MAE": 0.6446360622657409,
    "RMSE": 0.883346487786049,
    "R2": 0.33683065310053883,
    "MAPE": 12.82496337534419
  },
  "XGBoost": {
    "MAE": 0.5665300180046501,
    "RMSE": 0.8393408929534307,
    "R2": 0.4012589481638795,
    "MAPE": 10.89951627949714
  },
  "LightGBM": {
    "MAE": 0.6150489267572375,
    "RMSE": 0.9855793019346513,
    "R2": 0.1744461265231937,
    "MAPE": 11.013654140123787
  },
  "CatBoost": {
    "MAE": 0.5498060528524833,
    "RMSE": 0.8742907063578502,
    "R2": 0.35035814980639024,
    "MAPE": 10.063238052092968
  },
  "XGBoost (Optuna)": {
    "MAE": 0.47340344052776806,
    "RMSE": 0.7966977472595389,
    "R2": 0.4605521716715879,
    "MAPE": 8.474071498354414
  },
  "LightGBM (Optuna)": {
    "MAE": 0.7472063875955576,
    "RMSE": 1.102942558346404,
    "R2": -0.0338750632334206,
    "MAPE": 13.824070937396774
  }
}