{
  "Ridge Baseline": {
    "MAE": 0.4715752580675835,
    "RMSE": 0.69656653025914,
    "R2": 0.5533529682826508,
    "MAPE": 9.359624062788663,
    "Shock_MAPE": 26.794455416929384
  },
  "XGBoost": {
    "MAE": 0.31748487922219615,
    "RMSE": 0.5659756542172961,
    "R2": 0.7051271776976862,
    "MAPE": 6.311568207230691,
    "Shock_MAPE": 25.701625555351114
  },
  "LightGBM": {
    "MAE": 0.3313258304964586,
    "RMSE": 0.5558367928868114,
    "R2": 0.7155972259677124,
    "MAPE": 6.6043195411697955,
    "Shock_MAPE": 24.633341687791166
  },
  "CatBoost": {
    "MAE": 0.32585431596680303,
    "RMSE": 0.5718451462670557,
    "R2": 0.6989794640026628,
    "MAPE": 6.462812114638732,
    "Shock_MAPE": 25.847359634067598
  },
  "XGBoost (Optuna)": {
    "MAE": 0.32672454402769974,
    "RMSE": 0.5697425795495719,
    "R2": 0.7011889859631775,
    "MAPE": 6.423492950298088,
    "Shock_MAPE": 25.479480754326534
  },
  "LightGBM (Optuna)": {
    "MAE": 0.32551706847121364,
    "RMSE": 0.5529124667334956,
    "R2": 0.7185819102422054,
    "MAPE": 6.4780276489855195,
    "Shock_MAPE": 24.646819947938685
  }
}