{
  "Ridge Baseline": {
    "MAE": 0.45262040255801506,
    "RMSE": 0.6474553193746528,
    "R2": 0.6437278477439694,
    "MAPE": 8.822484474876592,
    "Shock_MAPE": 24.644046219004057
  },
  "XGBoost": {
    "MAE": 0.2639537908681824,
    "RMSE": 0.49761931048104885,
    "R2": 0.7895462246425317,
    "MAPE": 5.064519608104714,
    "Shock_MAPE": 28.058674717813552
  },
  "LightGBM": {
    "MAE": 0.27974503002508255,
    "RMSE": 0.490968470346639,
    "R2": 0.7951341940243047,
    "MAPE": 5.441714438626845,
    "Shock_MAPE": 27.295996879820795
  },
  "CatBoost": {
    "MAE": 0.27599375536372117,
    "RMSE": 0.5026027265793745,
    "R2": 0.7853099331036251,
    "MAPE": 5.313269953949645,
    "Shock_MAPE": 28.16164875152233
  },
  "XGBoost (Optuna)": {
    "MAE": 0.2848491186444896,
    "RMSE": 0.4966112776753175,
    "R2": 0.7903979980109611,
    "MAPE": 5.475735762108944,
    "Shock_MAPE": 26.80300985031555
  },
  "LightGBM (Optuna)": {
    "MAE": 0.27310840107227713,
    "RMSE": 0.48623127491708773,
    "R2": 0.7990684889928783,
    "MAPE": 5.301542407793288,
    "Shock_MAPE": 27.139024835765735
  }
}