{
  "Ridge Baseline": {
    "MAE": 0.6446360622657409,
    "RMSE": 0.883346487786049,
    "R2": 0.33683065310053883,
    "MAPE": 12.82496337534419
  },
  "XGBoost": {
    "MAE": 0.5687276354683883,
    "RMSE": 0.8516646007147064,
    "R2": 0.3835477198967827,
    "MAPE": 10.882025519698015
  },
  "LightGBM": {
    "MAE": 0.6212580792960694,
    "RMSE": 0.9956863485479828,
    "R2": 0.15742731417986622,
    "MAPE": 11.118850374105953
  },
  "CatBoost": {
    "MAE": 0.5990094183876764,
    "RMSE": 0.9232344405504276,
    "R2": 0.27558695051173243,
    "MAPE": 11.055418716110516
  },
  "XGBoost (Optuna)": {
    "MAE": 0.604650882090242,
    "RMSE": 0.9032074818920769,
    "R2": 0.3066742601613862,
    "MAPE": 11.373033543714923
  },
  "LightGBM (Optuna)": {
    "MAE": 0.6441718290886618,
    "RMSE": 1.0362228602743224,
    "R2": 0.08742491203733893,
    "MAPE": 11.495099046124926
  }
}