{
  "XGBoost": {
    "MAE": 0.5304250235761571,
    "RMSE": 0.7966630718239767,
    "R2": 0.46059912845389117,
    "MAPE": 10.234354006060858
  },
  "LightGBM": {
    "MAE": 0.6321212740053098,
    "RMSE": 1.0001369951072456,
    "R2": 0.14987800042072308,
    "MAPE": 11.372180737602946
  },
  "Ridge": {
    "MAE": 0.7020943869835922,
    "RMSE": 0.9401615734710826,
    "R2": 0.24877978859882077,
    "MAPE": 13.976522726689325
  },
  "Weighted Ensemble": {
    "MAE": 0.4938069241336237,
    "RMSE": 0.8023355336041801,
    "R2": 0.45289041443854805,
    "MAPE": 9.045284153203843
  },
  "Stacking Ensemble": {
    "MAE": 0.8987504969440389,
    "RMSE": 1.0382673779855243,
    "R2": 0.08382025007760807,
    "MAPE": 19.96094448490843
  },
  "FLAML AutoML": {
    "MAE": 0.40882762625100366,
    "RMSE": 0.6434281963171937,
    "R2": 0.6481460360961511,
    "MAPE": 8.470176112192352
  },
  "N-BEATS": {
    "MAE": 1.6774665374829096,
    "RMSE": 2.163921119903484,
    "R2": -2.9796522304254704,
    "MAPE": 32.76627144567491
  },
  "Prophet Hybrid": {
    "MAE": 1.139243420532161,
    "RMSE": 1.5909870930575978,
    "R2": -1.1512732827384973,
    "MAPE": 21.5331736156329
  }
}