{
  "best_model": "Weighted Ensemble",
  "scores": {
    "MAE": 0.4938069241336237,
    "RMSE": 0.8023355336041801,
    "R2": 0.45289041443854805,
    "MAPE": 9.045284153203843
  }
}