{
  "best_model": "FLAML AutoML",
  "scores": {
    "MAE": 0.40882762625100366,
    "RMSE": 0.6434281963171937,
    "R2": 0.6481460360961511,
    "MAPE": 8.470176112192352
  }
}