{
  "XGBoost": 0.719699349136846,
  "LightGBM": 9.652377762456571e-15,
  "Ridge": 0.2803006508631443
}